text,label
"They prove themselves by winning games, not by fighting through pain",analysis
Whats wrong with digne? Very solid defensively imo and much more fit than hernandez,analysis
Ekitike benched him at Liverpool and he would have had to fight for a selection.,analysis
"Not nearly as much as an injury to a core player on the team, no.",analysis
"Nothing to do with avoiding anyone, Jesus. Players needed rest, its as easy as that.",analysis
I prefer that we ignore them to deny them the notoriety they are trying to gain,analysis
"when the pitchside temperature is high, absolutely. but breaks in air conditioned stadiums is so dumb",analysis
Haaland being benched and Mbappe blanking is literally the most relevant thing to what I wrote.,analysis
World cup tourists man. This isn't the first time people have rested starters in unimportant matches,analysis
"Actually if you attack the legs that is illegal in Greco-Roman, so that would be Freestyle Wrestling",analysis
"Its very debatable, and finishing first means playing in the East, you travel less and recover better.",analysis
"Thats your opinion, not a fact. France isnt an unbeatable team and has weaknesses in midfield and defence.",analysis
We have not qualifed for 28 years.. Why on earth would we not be happy just to qualify?,analysis
"He had like 4 clear chances to score/assist before that, and he was simply too slow and clumsy",analysis
"Also we were missing Saliba and Rabiot, I expect the defense to be stronger for the knock-out games",analysis
"It matters more to be well rested against a team that's played more games, more recently than your team.",analysis
Every Norwegian player bar the 3rd goalkeeper has had time on the pitch now. Aka experience gained for everyone.,analysis
"It matters more to be well rested against a team that's played more games, more recently than your team.",analysis
they appointed him because the KFA president was a big Klinsmann fan when klinsmann was a player. Yea that's all.,analysis
"Look at Marsch now, advancing CAN to the round of 16 when we got a total disaster of a coach.",analysis
"If the concept of resting starters during unimportant matches is shocking to you, then I don't know what to say",analysis
"Does feel like the next generation is coming a little too slowly for Croatia, while the golden generation falls off rapidly",analysis
Nmecha wasnt sold immediately after the World Cup though? And his value went from 18M after the world cup to 10M now,analysis
Ro16 looks like a maximum for this team. Just an unfortunate mix of players past their peak and players before their peak.,analysis
"It's not about fighting through pain"" though is it, it's about performing at your highest level, which resting players is conductive to.""",analysis
Trying to simply outscore France is suicide. Committing players forward will open up spaces and they have the quality to exploit that.,analysis
Huge W for Messi in the golden boot race. A goal ahead and a game ahead. And also a pretty easy knockout path.,analysis
Germany didn't need to press against Paraguay they had like 90% possession . Doing something with the ball in their control was the issue,analysis
They famously have sidelines for NFL games where the Dolphins sideline is in the shade and the opponent sideline is full sun all game.,analysis
First that comes to mind for me is Richard Rios: sold for 1M at 22yo after the previous world cup and now sold for 27M,analysis
"We easily beat you guys 5-2 (could have been more) two months ago so that confidence is a bit misplaced, you guys didnt look good",analysis
We have a better chance of beating Ivory Coast on 8 days rest than Ivory Coast on 3 days rest. This is hardly rocket science,analysis
Yeah it's very unlikely for Norway to win this game. Even if they win they'll probably play Germany in round of 16. I understand the decision,analysis
"Not to mention even if they won ,they would won nothing except potencial injured players.Because first place doesnt get you Anything Second doesnt.And either bracket is hard",analysis
"Honestly more competitive than I expected given that Norway rotated 10/11 players. They had some really good moments, but then also France should have probably scored more.",analysis
"Nah. He is good, just up against pretty good defenders. Wasnt his best game, and his season was destroyed by early injuries. He will bounce back for Palace",analysis
"Solid, couple blocks, couple tackles and a bunch of headers and clearances won. Two dumb fouls cos he got caught out of position but that's standard at this point.",analysis
Anything less than round of 16 is a disappointment. If the USA gets 1st or 2nd in the group they will almost certainly be favored in their r32 match,analysis
"yeah like the other commenter said, there are multiple factions within the KFA who wants different things - except none of them are fit to run the organizations whatsoever",analysis
"To me, I think it would have been better for them to rest 4/5 players instead of the whole first team. I guess we'll see the effects soon, though",analysis
"except we didnt play pragmatic or risk-averse football? Our b-team quality just wasnt enough to win against France, but it wasnt like we put 10 men in the box.",analysis
Aursnes looked more impressive at RB than he did in midfield the first two games. I wonder if they'll consider him out there if Ryerson can't go on Tuesday.,analysis
"Testing your best team vs France is the best way to gauge how ready your team is for the knockouts, and be sure of what you have to change.",analysis
"Should mention he did some good work as a target man and worked very hard, but hard to disagree with you after the penalty and otherwise poor end product",analysis
"Theres a VERY good chance they would lose against France anyway, and would end up in same position but with a dead tired A team. It just makes sense",analysis
Less defensive concerns should be no games moving forward no? Seems Theo creates too much stress on that back line. You know every team will try to target him,analysis
"Did well, had couple of chances where the players (that championship striker) went trought on goal but missed. Croatia were dull so its hard to ases how good was Slovenia.",analysis
"Unless someone got injured playing in this game, of course. Would be pretty big to lose Haaland playing in a game that doesn't matter 3 days before one that does.",analysis
"Unless someone got injured playing in this game, of course. Would be pretty big to lose Haaland playing in a game that doesn't matter 3 days before one that does.",analysis
"A bit quick on the whistle form time to time, some minor mistakes (a barcola foul where there is absolutely nothing comes to mind), but overall a good game yes.",analysis
Yes I dont know why Theo keeps getting the start over digne. DD hates digne or something. Also tchouemani needs to go. Kone and Rabiot seems like the starting midfielders,analysis
"France had an easy game against Iraq, and made many changes during that game. Norway had about 7 players with cramps during the Senegal match.France have much better squad strength",analysis
even for teams that aim at winning the whole thing. It's the best strategy when your bench isn't as good as your starting line up and can't afford injuries or exhaustion.,analysis
"Yea, resting players gives them a better chance to win next game even to Côte d'Ivoire is probably a better team then Sweden. It seems like a no brainer to me.",analysis
"The chess move is that they knew beforehand that they were toast against this French team, so why have Haaland and Odegaard chase them for 90 minutes instead of getting rested.",analysis
Sørloth makes it really hard for opponents to take out Haaland because they now have two good goal scorers to focus on. Aldo hes a very good target man up front,analysis
But its not literally the same thing.US won the group regardless.Norway had a chance to win the group.Whether or not the strategy is sound doesnt negate that its a completely different proposition.,analysis
"You've coded pressing to mean tackles+interceptions? That's not how this works? Defensive teams that sit back (aka the opposite of pressing) have big tackles+int numbers too. The way to measure pressing is ppda""""",analysis
I find it hard to believe that anything is more inconvenient than MetLife. The cold war between FIFA and NJ has actually conspired to make it even more inconvenient and expensive than usual.,analysis
I have to agree that there was absolutely terrible refeering going on. But to say it was corruption and Korea paid them off? I have yet to see any proof of that claim.,analysis
it will slowly shift away from goals and assists to 'who is making it farther'. the numbers are cute in the group stage but elimination rounds begin and players prioritize winning over stats.,analysis
"They are the first players off the bench. Nusa, Haaland, Sorloth Aursnes, Berge, Odegaard. Is the a team. Note that Aursnes might play rb if Ryerson's injury keeps him out of the tournament.",analysis
"None of them are in the first 11, but they are next in line to take a spot and very important from the bench.Currently its Sørloth>Bobb, Nusa>Schjelderup and Aursnes>Berg/Aasgaard depending what we need",analysis
"Eh most of the games are still close to sold out. Most USMNT games in the US there are more opposing fans anyway, which shouldnt be the case this time. Probably counts for something",analysis
"Well, I'd rather have met Norway than France, but resting players is entirely valid, and it's 100% what Nagelsmann should've done, instead of sending the best XI, and them then not giving a f***.""""",analysis
3 matches in 8 days. Players were running on fumes towards the end of the Senegal match. We dont have the depth to go full strength in every match with that kind of schedule,analysis
"Everyone shitting on Norway until a player gets injured, then it would be: What was the manager thinking? They could have increased their odds in the KOs instead but threw it away because of pride",analysis
I hope Cote d'Ivoire kick Norway out.,hot_take
CIV is better than this Norway team,hot_take
This stutter-step PK fad has to end. They're terrible.,hot_take
norway winning against france is not a reasonable take,hot_take
You're not getting to any final playing risk-averse football.,hot_take
Nmecha from Dortmund definitely doubled his value.. and Sané halved.,hot_take
We're not losing to the US if Doku stays fit.,hot_take
"Exactly, why even compete if you believe you cannot win against France.",hot_take
It's clearly unimportant. Finishing 1st or 2nd makes no difference to their route,hot_take
Ecuador yesterday - soccer at it's best.Norway today - soccer at it's worst,hot_take
"We dont need your crying, like a true United fan.. we will crush Ivory Coast",hot_take
"Which in my opinion, is the correct approach (it's not supposed to injury the opponent, obviously).",hot_take
I dont think the host advantage counts for much given not many people can actually go,hot_take
Supporting Ivory Coast now. Norway did some bad juju shit robbing us of a good game,hot_take
You could fight for the top of the group? Instead you gave up. It was emberrasing sorry.,hot_take
"If resting starters during unimportant matches is offensive to you, maybe ballet would be more your sport",hot_take
Strand Larsen should be on the first flight home with that performance. Not WC material at all,hot_take
Michael Oliver is best in class (even though Im sure a lot of the Prem people would disagree),hot_take
No way to plan for these things. Games should just be on at the time it makes sense locally.,hot_take
And the refs were paid off. Just watch the round of 16.ame quarter finals and tell me that was legit.,hot_take
I mean you can lose 4-1 doing nothing or lose 4-2 and work your a** off.Either way France scores 4,hot_take
"Norway threw the game and benched all of their star players, literally gifted us France instead pf them, absolute unsportsmanly",hot_take
"Who cares? We're viewers, we want to see beautiful matches. Playing pragmatic and risk-averse football doesn't produce beautiful matches, simple as.",hot_take
"Dude , Halaand said they will lose next match before it even happened : loser mentality. Winner mentality dont make those statements",hot_take
Hes in Manchester Citys pocket so whenever he refs a game that could benefit City its a shitshow.Outside of that hes good.,hot_take
This is not an unimportant match. Its only unimportant if you have no belief in your squad and think France is already your daddy.,hot_take
"He is infuriating to watch, and I swear, he gets nutmegged at least once every match. Hernandez and Koundé are definitely a cause for concern.",hot_take
We loose 9 out of 10 games against France. It is shocking to see many people not understand this.. Guess there is mostly americans in here,hot_take
France got 3 players in the attack that are probably all of them better then Isak and he is the best Swedish player by quite a mile.,hot_take
"Ok well good luck against Brazil then England then Argentina then France , great draw . Whilst having to travel to tons of stadiums far away . Great for resting.",hot_take
Ivory Coast is better than Sweden. Plus you travel much less as first place. This is just cope to scapegoat Norway being soft. Hope Ivory Coast cook them in R32,hot_take
"embarassing? what's embarassing is throwing the match hoping you get the weaker"" side, the fixing was visible from a thousand miles, no rowing in the stands will save their image""",hot_take
"Ok well good luck against Brazil then England then Argentina then France , great draw . Whilst having to travel to tons of stadiums far away . Great for resting .",hot_take
Why unimportant? They could go for the 1st place in the group? If you are not going to entertain spectators why there is a world cup? They can play without audience then.,hot_take
 frie Norway better smarten up. You cant play your b team in the knock outs. is kind of supposed to have real vegetable. - redditor who thinks this affects Norways confidence.,hot_take
"Every team is in the same position, but they don't throw in the towel.Legs hurt? that's rough, but if you're not going to fight through the pain for the WORLD CUP then why are you even here?",hot_take
"Norway preferred to lose to France in order to avoid Sweden and face Ivory coast, meanwhile Ivory Coast are a better and   tougher team than Sweden so I don't get the Norwegian 4d chess move here lmao",hot_take
They are not a team expected to reach semi finals every time. The arrogance to act like one and act like the match was meaningless is insane. The group lead was on the line and a totally different path to the final.,hot_take
"Sure, which other groups had a team purposefully give a free win by fielding a much weaker squad? I really don't understand what this silly cope is to try and pretend this was some very hard group now that we saw it play out",hot_take
"Is it? Iraq should be free, Norway rested a lot so this was just a free game, only real big game was Senegal which I agree was a good showing.Then again other teams have been struggling to get all 9 in similar groups so fair enough",hot_take
But yeah I said what I said bc of Harlaand comment . I dont feel bad about it . Saying you will lose before a match starts is a loser mentality no matter how you want to rationalize it . I didnt hear curaçao or Cabo verde make such statements .???????,hot_take
"Not saying there is 0 chance to win against us, but you are still the underdog by a lot, its a different level then you guys are used to. Ofcourse Spain etc are even better but still. Would like the 1/8 finals to be US - Belgium, Would be a good game",hot_take
"Honestly, I don't understand why Norway played their B team. This is the World Cup. They had a chance to finish first and build real momentum. They basically threw the game away, and I wouldn't be surprised if a player like Haaland is frustrated, he had a genuine shot at finishing as the tournament's top scorer.",hot_take
"So you play for an easier route? Do you even listen to yourself? If Norway threw a hail mary today just to get a slight chance at getting a marginally easier team in the next round, that is literally a loser mentality. Hope all americans are banned from this sub. You guys dont know shit. Literally sub 100 IQ",hot_take
"Has to be the worst match of the tournament, not because of what happened but of the expectations. When we saw France and Norway were in the same group we all expected to see the clash for the ages, the world's best strikers facing against each other in a match that it's likely will never happen again.Norway's coach robbed us of that.",hot_take
"You can only play whats in front of you. The arrogance to not realize that France can also raise it up a few gears.. So delusional to make such nonsensical calculations that only exist in your imagination.Norways A team couldve won, just like they couldve been spanked even worse. The only thing certain is that it would have been a totally different match",hot_take
"What does that have to do with anything though? Norway still gave the match away on purpose.We qualified fair and square, Sweden lost versus those teams in the qualifications because of insanely bad management, not true potential and we qualified fair and square by beating Ukraine and then Poland, objectively. Half the teams that qualified for the WC are worse than Swedens current form.",hot_take
Sweden could definately beat Norway in a serious match. They fought for king and country due to little brother complex versus us in a friendly while Sweden half arsed the match. And those results didn't really define the game.All other teams have played full A team or almost full A team in all their matches. I wanted to see them versus us and their cringe viking rowing.France or the other hand? That's instant GG for Sweden.,hot_take
"You're right. France always field their strongest team in their last group matches, since it's important to win for momentum and confidence. They would never change 9 of their players, since it's a shame to not compete in every match. Their last group-game record speaks for itself.The match vs Ivory will be played in an indoor stadium with AC. A huge benefit over playing in 30+ degrees. The difference between Sweden -> Germany and Ivory -> Brazil/Japan is negligible.The people complaining are naive and ignorant.",hot_take
This was like watching norway-sweden in the friendly a couple of weeks ago where the scoreboard said 3-1 but you eyes saw a 6-0 game. The early dominance was so big that france fell out of rythm like you did against us. Didnt even feel like a real game.Solid reasons for it now so no reason to feel humiliated like we were but france was of course never in danger and your positives was more down to french nonchalance. Delusional to use this as a sign of strength,hot_take
"I mean, you're a small country and could go home in the next round without a memorable moment in this World Cup, so I dont understand why youre doing calculations or resting all your players. France didnt play with all their starters either, you can rest players without throwing the game entirely. Honestly, I would be furious if I were Norwegian. You guys should have tried, this is the World Cup and you don't always have the chance to play it. Beating or drawing France could have been a nice memory for your countrys history in the World Cup. Good luck in the next round :)",hot_take
"If the argument is to have the best chances for a deep run then its still weak. The path on that side of the bracket is arguably harder, Sweden is weaker than Ivory Coast, and now youll have to Travel all over the US instead of staying in the same base camp the rest of the tournament. So much for the rest advantage.And good for you guys if it works, if it doesnt and you dont make the WC for a while after. I guarantee youll look back in hindsight and wish youd have had a proper go at it rather than this 3D chess gamble that could all be for nought.",hot_take
"Its not conjecture. When all is said and done and the years go by youll look back on that match with regrets if you flop right after it. Because deep down you know there was the quality to win it. All the talk of strategy is still just a gamble at the end of the day. Turning your back to the exact level of competition you were hoping to reach will always be regrettable in the long term. The whole point of a World Cup is to clash with the greats on the greatest stage. If you try to game the system and slip on a banana peel in the process you will have different feelings about that approach next time, trust me.",hot_take
"The decision was correct or no is debatable. You think France doesn't know what Norway knows? They've missed a chance to properly test themselves against elite opposition before the knockout stage.In a World Cup, momentum matters. Resting 24 players is normal; resting basically the whole team against France is too passive. The coach"" didn't even sub them second half.Now Norway lost prestige and if they lose the match too, it will be emberrasing. And if they win, well it probably won't be because they have rested 2 days more. All neutral fans rooting for Ivory now. W?n is important but prestige also important. Do you think any of the biggest teams would rest their entire squad against another top team ? If you want to be in the big boys league you must behave like one.""",hot_take
"They do when the top spot is on the line. You are comparing apples to oranges. France has never accepted a second place or forfeited the ambition to win a group.Norway will travel across the US now while France gets to chill at their base camp the rest of the tournament. Its not just a matter of AC.Im not complaining. Im shocked and disappointed. I respect Norway as a contender in a group of death. Even their B team showed they have quality. I dont think Ive ever seen a team so capable of winning, give up so pathetically on the world stage where theyve been absent for decades. Players dream of these matches are lucky to play one in their life and here they lied down and gave one up when they arent guaranteed to see many more for a long time",hot_take
28° is nothing for both Uruguay and Saudi so I think both teams were fine,hot_take
Perisic to Modric must be the oldest combined age for an assist/goal in international football surely?,hot_take
As far as unknown players getting due recognition post-WC goes James Rodríguez and Keylor Navas will always remain legendary (2014),hot_take
How does this game not matter? Does it not matter to have to travel to tons of venues far away?,hot_take
How does this game not matter? Does it not matter to have to travel to tons of venues far away?,hot_take
"The woke thought police: Don't show the pitch invaders, it rewards their behaviour The free-media renegades: ""Here is a deep dive tactical analysis""""""",hot_take
Norway resting their players when they've gone through is exactly the same thing as the US resting players that they've gone through.Pop a chill pill man.,hot_take
"based off this match alone, i would argue we have a pretty good chance at winning against France with our best XI. Haaland would have like 3 goals.",hot_take
"High performance athletes here train under nearly 40C open skies near the tail end of their seasons. Even kids can do that, I'm sure a pro can handle it",hot_take
"I'm sure you play with the same intensity as the pros at a world cup bro. If the players union says its too hot, I'm more inclined to believe them than you sorry",hot_take
Norway would have lost to France even with their best team.The choice is either a lot of travel with a tired first team or a lot of travel with an energised first team.,hot_take
Norway would have lost to France even with their best team. The choice is either a lot of travel with a tired first team or a lot of travel with an energised first team.,hot_take
CONCACAF is truly mid!,reaction
Mbappe the facilitator ??,reaction
"Mbappe played, what's his excuse",reaction
Congratulations France world champions 2026.,reaction
Same. Pavard isn't good anymore.,reaction
Better ballers than this German team,reaction
Wow the third runner is pretty fast.,reaction
Hopefully Ivory Coast will win against Norway,reaction
"Ah yes, Erling Haaland, renowned serial loser.",reaction
Yes our defense especially Theo was atrocious,reaction
Didnt come to win every game either,reaction
The first invader shouldve used a spin move.,reaction
And conmebol w/o Argentina is also mid ??,reaction
hardly the first striker to miss a pen,reaction
9 points in this group is very impressive,reaction
Gvardiol looked so out of place and lost man,reaction
"At the end though, Kane will miss the penalty",reaction
Last guy thinks he's Ankara Messi. Going 5 vs 1.,reaction
This makes me feel better about our loss to france,reaction
Bobb should start. Although Sorloth is a much stronger player.,reaction
Norway wasting so many chance like it's almost a crinmal,reaction
What a lame way to end Mbappe and Haaland's streaks,reaction
those streakers had a better press than the Germans against Paraguay,reaction
We analyze pitch invaders better than our own team or opponents!,reaction
I was waiting for Klinsmann to come up in the OP.,reaction
They get an unfavourable schedule with a lot of travel though.,reaction
I know! Couldn't DD call up anyone better than those two?,reaction
"It is, in fact, the hardest group of the world cup.",reaction
The pitch invaders at home intently watching the TV while writing notes,reaction
"Wait, there are people in here trying to make Zlatan look good?",reaction
"They were definitely killing time, nothing to worry about. Even Doué scored.",reaction
You guys played well.Im gonna be roting for you guys against Ivory Coast,reaction
"Haaland can never become the player with zero WC goals, that door is closed.",reaction
"Try to not insert yourself into every discussion as a Messi fan, Challenge Impossible",reaction
"I have enjoyed Telemundo's coverage immensely, but it is this kind of analysis that's missing",reaction
"I have the US beating Egypt, before getting knocked out by Argentina in the RO16",reaction
"Yep, Round of 16 is the expectation; Quarter-Final and I would be on cloud nine.",reaction
how tf is bobb not starting 11. He was a problem to these french defenders,reaction
and thank you for informing me that Germany did not press during the game versus Paraguay,reaction
Yes but the stewards though. Not the ones in the stand but the ones pitch side.,reaction
Ya that was dumb. I was watching with a bunch of fans and everyone was dissappointed,reaction
The amount of Norwegian cope in here along with hallucinating that Haaland will be the next Zlatan.,reaction
How did our Pongraciccio play? He's the only one we sent to the WC so curious to see him.,reaction
"Yup, mixture of people who at best have watched a total of 5 minutes of actual football in their lives.",reaction
"Damn, so there were three of them, crazy. TV feed only caught one of them before cutting to a different angle.",reaction
"It's really very defined bar. Anything less than R16 is a disaster, R16 is baseline, and anything better than that is fantastic",reaction
"I think we win the group, beat Bosnia and Belgium in the knockout stages and get destroyed in the quarter finals by Spain.",reaction
"That Uruguay match was ridiculously hot, felt like I was in an oven. The worst part was that the air wasn't even moving",reaction
god bless that ivory coast smashes the arrogance out of this norwegian team. they managed to make themselves the antagonists of this tournament,reaction
Was this the worst match day 3 combo of all time? Forfeit from Norway and 12min red for Iraq down 1 rage quit?,reaction
"Klopp is chilling at such a high level, doing analysis of pitch invaders' runs and stewards' pressing instead of stressing about matches against Pep ??",reaction
yeah I mean there's a whole debacle with Uli Stielike between 2014-2018 and Klinsmann between 2022-2024 but I didn't want to go down the rabbit hole,reaction
"I agree we were always a dull watch, but these two games have been a new low. Absolutely zero confidence in this squad going into the tournament.",reaction
After playing France A team Norway B team got spanked. Next game Norway A team will play France B team... my money is still on the latter...,reaction
"Now, it's back to square one. Each game will be do or die.Good luck to my country. We can be champions but let's not get carried away.",reaction
"On the other hand it's understandable for neutrals to be disappointed being denied the Haaland vs Mbappé face off in a World Cup, it'll probably never happen.",reaction
"Second half was poor damn we really fell asleep. I hope its because there was nothing at stake and turnover ! 9/9pts is great, not many teams will achieve it",reaction
Mbappe 2 assists. Messi and Kane have 24 hours to respond. Cristiano has that time to catch up in goals since Haaland and Mbappe didn't score. 4 players on 4 goals now,reaction
"you must not have watched Haaland's interview after the Senegal game, he does not give a f***. Norway are playing to go far, resting our best players give us our best chances.",reaction
"Thats just standard PR talk from a footballer, I doubt a player like him doesn't want to score as much as possible, especially since the world cup is the pinnacle of football.",reaction
"Well, we didn't travel to the World Cup to play against our neighbour Sweden.Very, very disappointed with just how bad the second-stringers are, though. And how on earth is it possible to do a penalty-kick so bad the goalies grandma would have saved it.",reaction
"First half : 8,5
Second half : 5,5
Overall, it wasn't too bad, but still, there were a lot of things I didn't like but I guess it's okay since we were leading the whole match.
Now, the team doesn't have to make any annoying trips to Dallas or Miami, and that's the real win of the day for me.",reaction
akshually it was 75% possession,reaction
Good try B team. ??????????,reaction
My hot take based on feelings: USA out on the group stage.,reaction
Looking at this and hear me out: California hosts the world cup,reaction
Sweden were going to lose to either Norway or France doesnt really matter.,reaction
