id,text,label,Confidence
1,"It happens less and less because more and more clubs all over the world have access to mountains of data and good data analysis, players may enter the public eye during the World Cup but I reckon every single player at the tournament would be in some data point in a big club's database, already analysed and rated.",analysis,High
2,"Precisely this. I think the last big transfer that occurred from a good WC performance was James Rodriguez to Real Madrid, which ultimately didn't quite work out (due to tactical misfit and the changing tactical scene for no. 10s). That was in 2014. Generally the top clubs aren't using WC performances as a barometer for signing players nowadays.""""",analysis,High
3,"This summer is different because as it seems clubs are not really phased by the World Cup. There has been a lot of agreed deals and transfers for players at the tournament, maybe so far we haven't seen transfers for players who only got the spotlight at the WC, but I doubt we have seen the biggest stars of the tournament so far as those usually shine in the later stages. Currently the only player who has seen his stock explode is Bouaddi but even he was already a big prospect before the tournament.",analysis,High
4,Nmecha from Dortmund definitely doubled his value.. and Sané halved.,hot_take,High
5,Nmecha wasnt sold immediately after the World Cup though? And his value went from 18M after the world cup to 10M now,analysis,High
6,First that comes to mind for me is Richard Rios: sold for 1M at 22yo after the previous world cup and now sold for 27M,analysis,High
7,As far as unknown players getting due recognition post-WC goes James Rodríguez and Keylor Navas will always remain legendary (2014),hot_take,Medium
8,"Teams will certainly spend post WC, but there's rarely truly good value - there's been plenty of flops. WC is no longer the most competitive football tournament and it's rather short to judge most players: >>90% of players would only have played 6 games or less.",analysis,High
9,"Agree, and my intuition also tells me that too many clubs see the same player and thus his price already moves up",analysis,Medium
10,Last guy thinks he's Ankara Messi. Going 5 vs 1.,reaction,High
11,Wow the third runner is pretty fast.,reaction,High
12,"Klopp is chilling at such a high level, doing analysis of pitch invaders' runs and stewards' pressing instead of stressing about matches against Pep ??",reaction,High
13,"Actually if you attack the legs that is illegal in Greco-Roman, so that would be Freestyle Wrestling",analysis,High
14,those streakers had a better press than the Germans against Paraguay,reaction,High
15,Germany didn't need to press against Paraguay they had like 90% possession . Doing something with the ball in their control was the issue,analysis,High
16,akshually it was 75% possession,reaction,Medium
17,and thank you for informing me that Germany did not press during the game versus Paraguay,reaction,High
18,Better ballers than this German team,reaction,High
19,"I have enjoyed Telemundo's coverage immensely, but it is this kind of analysis that's missing",reaction,High
20,"Damn, so there were three of them, crazy. TV feed only caught one of them before cutting to a different angle.",reaction,High
21,I prefer that we ignore them to deny them the notoriety they are trying to gain,analysis,High
22,Yes but the stewards though. Not the ones in the stand but the ones pitch side.,reaction,High
23,The first invader shouldve used a spin move.,reaction,High
24,We analyze pitch invaders better than our own team or opponents!,reaction,High
25,"The woke thought police: Don't show the pitch invaders, it rewards their behaviour The free-media renegades: ""Here is a deep dive tactical analysis""""""",hot_take,Medium
26,The pitch invaders at home intently watching the TV while writing notes,reaction,High
27,"Last one could have saved his colleague if he started pressing the lone steward. Great physique, no game intelligence.",analysis,Medium
28,Gvardiol looked so out of place and lost man,reaction,High
29,Looked even worse vs Belgium. I hope he was just trying not to pick up another injury so close to the tournament,analysis,Medium
30,"Does feel like the next generation is coming a little too slowly for Croatia, while the golden generation falls off rapidly",analysis,High
31,Perisic to Modric must be the oldest combined age for an assist/goal in international football surely?,hot_take,Medium
32,"I agree we were always a dull watch, but these two games have been a new low. Absolutely zero confidence in this squad going into the tournament.",reaction,High
33,"And it's especially worrying how busy Livakovi? is every single game and that it's always the same few players deciding these tough games. Modri?, Perii?, Paali?. Sometimes Kramari? when he feels like playing. Then again, I had no confidence in them 4 years ago either when they struggled v Saudi Arabia so who the fuck knows.",analysis,High
34,"Im in the same mentality as your second point. I distinctly remember some worrying pre-tournament performances from us in past years, only for us to show up and go deep in the actual tournaments as if we had flipped a switch. Maybe this time will be different, but Ive learned not to assume that our pre-tournament is an accurate indicator",analysis,High
35,"Did well, had couple of chances where the players (that championship striker) went trought on goal but missed. Croatia were dull so its hard to ases how good was Slovenia.",analysis,High
36,Ro16 looks like a maximum for this team. Just an unfortunate mix of players past their peak and players before their peak.,analysis,High
37,"Think this is the formation for the tournament. Line up is still up in the air. Poor first half, but much better in the second. With all our defensive talent we still look nervy at times with the exception of Livakovic who is fantastic when playing for Croatia (unlocks another level). Would like to see Sutalo and Vuskovic as the cbs.",analysis,High
38,How did our Pongraciccio play? He's the only one we sent to the WC so curious to see him.,reaction,High
39,"Solid, couple blocks, couple tackles and a bunch of headers and clearances won. Two dumb fouls cos he got caught out of position but that's standard at this point.",analysis,High
40,"Pongracic looked solid enough for most of the match but had some shaky moments when Slovenia started pressing higher in second half. His passing was decent and he won most aerial duels but positioning seemed bit off during their equalizer - not sure if he could have done much more there though. He's definitely grown since last time I watched him play, seems more confident with ball at feet now. Still think he needs work on his communication with other defenders but for friendlies this was good performance from him. Your national team should be happy with how he's developing, especially considering he'll probably be key player for you guys moving forward.",analysis,High
41,"You've coded pressing to mean tackles+interceptions? That's not how this works? Defensive teams that sit back (aka the opposite of pressing) have big tackles+int numbers too. The way to measure pressing is ppda""""",analysis,High
42,"And it's quite likely that the lowest ppda is Spain, and not just in this tournament, or this generation. A very high press, but not an individual high press. Blocking the next pass is just as important as the tackle.",analysis,High
43,"When a game is on the line, forget every stat about fouling and pressing - COMENBOL teams will, and I say that as a South American with 35 years watching Libertadores, take you down and rough you up. What happened in the Uruguay-Span game is the typical away game in Lima for south american competitions, or qualifying. If we can't win on technique, you won't play either.",analysis,High
44,"Which in my opinion, is the correct approach (it's not supposed to injury the opponent, obviously).",hot_take,High
45,I love this about COMENBOL as its basically an exercise in being miserable to play against. They will also cause you to get 5 yellows and will risk red themselves. I guess when you have to play the Brazil and Argentinas all the time this tactic becomes a bit engrained.,analysis,High
46,CONCACAF is truly mid!,reaction,High
47,And conmebol w/o Argentina is also mid ??,reaction,High
48,"Yes and No. So many players play in europe anyways. You can only see the clear differences with players playing in domestic/regional leagues of their conferences. Its also hard to compare because most European teams were favorites and advancing. There are teams that sits deep in europe also, they just didnt made it into the World Cup. The quality isnt there and this is also the reason why AFC nations didnt advance. Same reason like the european nations, not enough quality and not style difference.",analysis,High
49,Musah not being selected was not a surprise. He is nowhere near the team at this point. We win the group and get to R16,analysis,Medium
50,"I think we get to the R16 before losing to whatever elite team we run in to there. R32 is a good bet too but Im gonna give them a little bump hosting the games, and if we finish second I think were favored against Egypt, New Zealand or Iran (which would be an absolutely hilarious game in a very sad way). I will say though, if we go down early to Paraguay the vibes could turn nasty real fucking quick",analysis,High
51,I dont think the host advantage counts for much given not many people can actually go,hot_take,High
52,"Eh most of the games are still close to sold out. Most USMNT games in the US there are more opposing fans anyway, which shouldnt be the case this time. Probably counts for something",analysis,High
53,"I have the US beating Egypt, before getting knocked out by Argentina in the RO16",reaction,High
54,"We are making it out of the group, but whether we get 1st, 2nd, or 3rd is a toss up to me until we see how they perform against paraguay.",analysis,Medium
55,Anything less than round of 16 is a disappointment. If the USA gets 1st or 2nd in the group they will almost certainly be favored in their r32 match,analysis,High
56,"Yep, Round of 16 is the expectation; Quarter-Final and I would be on cloud nine.",reaction,High
57,"It's really very defined bar. Anything less than R16 is a disaster, R16 is baseline, and anything better than that is fantastic",reaction,High
58,"I think we win the group, beat Bosnia and Belgium in the knockout stages and get destroyed in the quarter finals by Spain.",reaction,High
59,It's not crazy. USA last two appearances were Ro16. With host advantage I can see them going QF with good draw. Either way they lose to an elite team eventually but they can beat mid-tier European teams with host advantage.,analysis,High
60,We're not losing to the US if Doku stays fit.,hot_take,High
61,"We easily beat you guys 5-2 (could have been more) two months ago so that confidence is a bit misplaced, you guys didnt look good",analysis,High
62,"Not saying there is 0 chance to win against us, but you are still the underdog by a lot, its a different level then you guys are used to. Ofcourse Spain etc are even better but still. Would like the 1/8 finals to be US - Belgium, Would be a good game",hot_take,High
63,I think this team makes it out of the group. This is a very solid squad if they bring their A game that can make it to R16. Im more worried about the American Outlaws embarrassing us more with some of the chants haha,analysis,High
64,"It blows my mind how they dont mimic other nations/clubs chants. They all do it! Why does AO want to be different? Its such a shame. This goes beyond soccer, too. Imagine doing these chants in the NFL, NBA, etc. The atmosphere at American sporting events would be much more electric. After going to a few Premier league/ la Liga matches and coming back to the US, I was genuinely sad attending pro sports here haha. Those atmospheres across the pond are top tier.",analysis,High
65,"I know its easier than ever to get out of the group stages but im still not optimistic. Paraguay plays us tough (last match with them ended in a fight), Tukiye has legitimate world class footballers and the socceroos could just randomly get a result against us and we finish on 1 point",analysis,High
66,"I know this was written before the Paraguay win but I think predicting a RO32 exit is pretty harsh considering the USA were favorites to win group D. With the expanded format, theres way more permutations regarding who the USAs potential knockout opponents are. But given a USA group D win its most likely a team they would be favored against - Canada, Iran, Egypt Now Ive been telling my friends and family for weeks now that this roster has quarterfinals, and if pigs fly, semifinals potential. But I think a RO16 exit is probably the most likely outcome.",analysis,High
67,"I know. They surprised me, pure champagne football. I agree with RO16 especially after Turkiye's performance yesterday.",reaction,Medium
68,My hot take based on feelings: USA out on the group stage.,reaction,Medium
69,"No shade on Miami, but this choice was crazy to me. The city itself is awesome and Im sure any visitor will have an absolute blast. But the stadium is by far the most inconvenient out of all of the other stadiums. On top of that you are outside with little shade. It sounds like an endurance test.",analysis,High
70,They famously have sidelines for NFL games where the Dolphins sideline is in the shade and the opponent sideline is full sun all game.,analysis,High
71,"Not quite as famously, the Giants sideline is in the sun because like a century ago little Wellington Mara caught a cold standing in the shade and his mother made the team switch their sideline to the sunny side.",analysis,High
72,I find it hard to believe that anything is more inconvenient than MetLife. The cold war between FIFA and NJ has actually conspired to make it even more inconvenient and expensive than usual.,analysis,High
73,No way to plan for these things. Games should just be on at the time it makes sense locally.,hot_take,High
74,"when the pitchside temperature is high, absolutely. but breaks in air conditioned stadiums is so dumb",analysis,High
75,"Fifa already had cooling breaks enforced when temperatures are above 30C. I think it's the same in La liga. The Ads and the lenght of them (not sure about this one) are the new addition, an awful one of course.",analysis,High
76,28° is nothing for both Uruguay and Saudi so I think both teams were fine,hot_take,Medium
77,"You do realize most of these players are used to playing at higher temperatures, in more humid zones, with no hydration break and have been doing so FOR YEARS on end? Damn, I played football from 7 to 18 at a fairly high level, at higher temperatures, sometimes in turf, with hot scalding tar underneath it, with no hydration breaks, and here I am, alive and all. Most kids around Europe do so, specially those playing in Portugal, Spain, Italy, even the south of France. Lets not get into the ones playing in the Middle East, Africa and South America.",hot_take,Medium
78,Ah well I suppose we should just ignore the players union because you played youth football at higher temps. I'm assuming you must've been playing with the same intensity as world cup players as well otherwise your anecdotes would be meaningless. All those countries play during winter and in the evening/at night. Also if you read thr article the temps were higher. the two games that were not air conditioned were above 30°C,analysis,High
79,"I'm sure you play with the same intensity as the pros at a world cup bro. If the players union says its too hot, I'm more inclined to believe them than you sorry",hot_take,Medium
80,"brother people absolutely do significantly more straining and intense labor all over CDMX in that heat and humidity than footy players lol. or are you gonna try say that carpenters, construction workers, haulers, etc. don't work as hard",hot_take,Medium
81,"High performance athletes here train under nearly 40C open skies near the tail end of their seasons. Even kids can do that, I'm sure a pro can handle it",hot_take,Medium
82,"That Uruguay match was ridiculously hot, felt like I was in an oven. The worst part was that the air wasn't even moving",reaction,High
83,Looking at this and hear me out: California hosts the world cup,reaction,Medium
84,There's a thing that still bugs me. If the KFA didn't want to continue with Bento and wanted a korean manager after him... Then why they hired Klinsmann in the first place? The hiring of Jurgen make less sense.,analysis,High
85,they appointed him because the KFA president was a big Klinsmann fan when klinsmann was a player. Yea that's all.,analysis,High
86,"yeah like the other commenter said, there are multiple factions within the KFA who wants different things - except none of them are fit to run the organizations whatsoever",analysis,High
87,yeah I mean there's a whole debacle with Uli Stielike between 2014-2018 and Klinsmann between 2022-2024 but I didn't want to go down the rabbit hole,reaction,High
88,Stielike was an example of the KFA going to strange choices to save money and have someone they can control. Many coaches would probably love to take on the Korea job IF they can actually coach without the KFA's interference.,analysis,High
89,"Look at Marsch now, advancing CAN to the round of 16 when we got a total disaster of a coach.",analysis,High
90,I was waiting for Klinsmann to come up in the OP.,reaction,High
91,"It's also the 2002 FWC success and the failure to capitalize on it, extremely disappointing group stage, a revolving door of incompetent managers and TFF members (every time you say it can't get worse it does), extreme corruption etc etc. Big difference is Turkish ruling party won't be investigating them, they are deeply entrenched in it anyways.""",analysis,High
92,And the refs were paid off. Just watch the round of 16.ame quarter finals and tell me that was legit.,hot_take,High
93,I have to agree that there was absolutely terrible refeering going on. But to say it was corruption and Korea paid them off? I have yet to see any proof of that claim.,analysis,High
94,"Look up their Ro16 and QF against Italy and Spain, this is some of the most obvious crooked refereeing you will ever see. Even FIFA became concerned and reassigned a new ref team for the semifinal on short notice to prevent further tainting (the Semifinal would be indeed clean and SK lost 0-1 to Germany)",analysis,Medium
95,The amount of Norwegian cope in here along with hallucinating that Haaland will be the next Zlatan.,reaction,High
96,"Haaland can never become the player with zero WC goals, that door is closed.",reaction,High
97,"Wait, there are people in here trying to make Zlatan look good?",reaction,High
98,Mbappe 2 assists. Messi and Kane have 24 hours to respond. Cristiano has that time to catch up in goals since Haaland and Mbappe didn't score. 4 players on 4 goals now,reaction,High
99,it will slowly shift away from goals and assists to 'who is making it farther'. the numbers are cute in the group stage but elimination rounds begin and players prioritize winning over stats.,analysis,High
100,Mbappe the facilitator ??,reaction,High
101,France got 3 players in the attack that are probably all of them better then Isak and he is the best Swedish player by quite a mile.,hot_take,High
102,Ekitike benched him at Liverpool and he would have had to fight for a selection.,analysis,High
103,This stutter-step PK fad has to end. They're terrible.,hot_take,High
104,"Everyone shitting on Norway until a player gets injured, then it would be: What was the manager thinking? They could have increased their odds in the KOs instead but threw it away because of pride",analysis,High
105,"To me, I think it would have been better for them to rest 4/5 players instead of the whole first team. I guess we'll see the effects soon, though",analysis,High
106,"It wouldn't have been 4 or 5, they said 7 players had beginning cramps at the end vs. Senegal and Pedersen was out with a full-on cramp for over a minute. And that was 3 days before playing France.",analysis,High
107,"Well, I'd rather have met Norway than France, but resting players is entirely valid, and it's 100% what Nagelsmann should've done, instead of sending the best XI, and them then not giving a f***.""""",analysis,High
108,"There are 2 logics depending on where you position yourself: if you think youre at least 50/50 against anyone in the competition you play for the least tiring bracket (Frances bracket is entirely in the US east coast, limiting long travel cross country). If you think there are teams where you are say, 40/60 to beat them, it can be logical to try and get the easier bracket. Here that meant losing to get 2nd place.",analysis,High
109,"Funny that so many people expect Norway to play their preferred XI in a game that doesn't matter, weakening their chances overall by being unable to rest players, just to entertain neutrals. Norway are going to play in whatever way that they think will benefit them and allow them a deep run in a really rough knockout stage. Welcome to the world cup.",analysis,High
110,Just seems stupid to give the easier path to finals away for nothing imo without even trying. Ivory coast > Brazil/Japan > Mexico/England seems much harder than 3rd place team > Germany who is a little looking Sus > then the Dutch most likely (but if they lose its a way worse team),analysis,High
111,"We didn't do that though. Sure, Sweden is slightly easier than Ivory Coast. But Brazil and Japan is a lot easier (for us) than Germany. We'd rather play an open, attacking opponent than one that'll bore everyone to tears to try to get to extra time. Plus, we play European teams all the time, we haven't been in a World Cup for 28 years and now is the chance to meet the exotic teams. We haven't played Japan since 2004 in a friendly IIRC and only once. Nations League has taken away our ability to arrange friendlies with far-away countries, so we really need that too.",analysis,High
112,"There are arguments on both sides, but you cant say it was necessarily the right decision. You dont learn much from resting your best players, especially if you end up getting knocked out in the next round and gain nothing from the game against France. Norway didnt have anything to lose here.",analysis,High
113,"Unless someone got injured playing in this game, of course. Would be pretty big to lose Haaland playing in a game that doesn't matter 3 days before one that does.",analysis,High
114,How does this game not matter? Does it not matter to have to travel to tons of venues far away?,hot_take,Medium
115,"It matters more to be well rested against a team that's played more games, more recently than your team.",analysis,High
116,"Ok well good luck against Brazil then England then Argentina then France , great draw . Whilst having to travel to tons of stadiums far away . Great for resting.",hot_take,High
117,"It's also playing in an indoor, air conditioned stadium VS a possible 33 deg C outdoor stadium. Now they get to play indoors against an African team who are probably way more used to playing in the heat. I don't agree with resting the WHOLE team the WHOLE game, but it is what it is.",analysis,High
118,But yeah I said what I said bc of Harlaand comment . I dont feel bad about it . Saying you will lose before a match starts is a loser mentality no matter how you want to rationalize it . I didnt hear curaçao or Cabo verde make such statements .???????,hot_take,High
119,"Not nearly as much as an injury to a core player on the team, no.",analysis,High
120,Norway would have lost to France even with their best team. The choice is either a lot of travel with a tired first team or a lot of travel with an energised first team.,hot_take,Medium
121,"Thats your opinion, not a fact. France isnt an unbeatable team and has weaknesses in midfield and defence.",analysis,High
122,We loose 9 out of 10 games against France. It is shocking to see many people not understand this.. Guess there is mostly americans in here,hot_take,High
123,And its loser mentality to not believe in yourself for the one of 10. Do you think if you play a final it will be against a team you are 50\50 with? Will you forfeit that one too ?,hot_take,Medium
124,"To get the scenario you described you boost your odds, either by having a consistently good team OR having an energised team to realistically give yourself the best chance game by game from KO32 slowly to finals. You are comparing a guaranteed KO32 slot with a final be fr right now.",analysis,High
125,"based off this match alone, i would argue we have a pretty good chance at winning against France with our best XI. Haaland would have like 3 goals.",hot_take,Medium
126,"Maybe after watching the first half, but hindsight is 20/20 and you can't bring on the entire first team in the second half. Before the match they made the decision that they're unlikely to win, and so made changes.",analysis,High
127,Hopefully Ivory Coast will win against Norway,reaction,High
128,Huge W for Messi in the golden boot race. A goal ahead and a game ahead. And also a pretty easy knockout path.,analysis,High
129,"Try to not insert yourself into every discussion as a Messi fan, Challenge Impossible",reaction,High
130,Haaland being benched and Mbappe blanking is literally the most relevant thing to what I wrote.,analysis,High
131,But its not literally the same thing.US won the group regardless.Norway had a chance to win the group.Whether or not the strategy is sound doesnt negate that its a completely different proposition.,analysis,High
132,Norway resting their players when they've gone through is exactly the same thing as the US resting players that they've gone through.Pop a chill pill man.,hot_take,Medium
133,"It's overreactions but it's mainly dissapointment. There was no bigger matchup in the group stage, everyone wanted to see Mbappe and Haaland in the same field. The only other chance we get that is in the final.",analysis,High
134,The US game is not the same . It will change zero things that they didnt win it. There are still stakes for this match. Namely logistics . Travelling between lots of distances to stadiums very far away in conditions with more heat too (which is no good for Norway since theyre from a cold country. Maybe why they cramped more than any other teams here) . So its less rest and more travelling .,analysis,High
135,"Dude , Halaand said they will lose next match before it even happened : loser mentality. Winner mentality dont make those statements",hot_take,High
136,"Ah yes, Erling Haaland, renowned serial loser.",reaction,High
137,"Name me one other player whos gone to the press and said their team would lose against their next opponent. Ive watched almost every World Cup match in the last two decades and I dont remember ever seeing it.Dont blow it off like its nothing. He may have been doing it to take off pressure on the B team, but its still a weak mentality to publicly surrender so openly. Its extremely rare",analysis,Medium
138,I was positive too because I thought he was bluffing and playing mind games to remove some pressure. Then Norway actually surrendered and brought out their B team and his statement took on a whole different feeling.,analysis,High
139,I dont like this Norway team because they pretend to be smarter than anyone else but really they just have a loser mentality. They act as if theyre not a good team and then are happy when they play well. They are fooling no one except themselves. All that talk from haaland about being happy to just participate is simply loser talk. They have a generational talent and a young team. They need to act like theyre here to win it all and are one of the best teams. Instead they act like these sneaky losers with ulterior motives. Theyre just cowards at the end of the day. So much for Viking spirit,hot_take,Medium
140,"Again more evidence yall have no confidence in yourselves. Are you here to just qualify for knockouts? Who are you trying to trick. Yourselves? Clearly everyone thinks Norway is a threat except Norway fans themselves, and perhaps even the manager. Just dont like this attitude towards the game. Like you are trying to relieve pressure from yourselves rather than embracing it. Sign of a loser team",hot_take,Medium
141,We have not qualifed for 28 years.. Why on earth would we not be happy just to qualify?,analysis,High
142,even for teams that aim at winning the whole thing. It's the best strategy when your bench isn't as good as your starting line up and can't afford injuries or exhaustion.,analysis,High
143,"Well done Norway you rested your players, killed your momentum, avoided a match with a team that are back to back finalist, killed your top scorers momentum. A match where you could have gained so much experience and learn what to adapt to. Worst of all they could have won that.",analysis,High
144,"are they pokemon? it is a fair point they might learn, but they might also tire or injure themselves, and in that case don't have much depth and have to play again in a few days",analysis,High
145,Don't act like there is no risk involved in letting your entire team sit on the bench against a team like France.,hot_take,Low
146,Every Norwegian player bar the 3rd goalkeeper has had time on the pitch now. Aka experience gained for everyone.,analysis,High
147,"Funny that so many people expect Norway to play their preferred XI in a game that doesn't matter, weakening their chances overall by being unable to rest players, just to entertain neutrals.Norway are going to play in whatever way that they think will benefit them and allow them a deep run in a really rough knockout stage. Welcome to the world cup.",analysis,High
148,Just seems stupid to give the easier path to finals away for nothing imo without even trying. Ivory coast > Brazil/Japan > Mexico/England seems much harder than 3rd place team > Germany who is a little looking Sus > then the Dutch most likely (but if they lose its a way worse team),analysis,High
149,"We didn't do that though. Sure, Sweden is slightly easier than Ivory Coast. But Brazil and Japan is a lot easier (for us) than Germany. We'd rather play an open, attacking opponent than one that'll bore everyone to tears to try to get to extra time. Plus, we play European teams all the time, we haven't been in a World Cup for 28 years and now is the chance to meet the exotic teams. We haven't played Japan since 2004 in a friendly IIRC and only once. Nations League has taken away our ability to arrange friendlies with far-away countries, so we really need that too.",analysis,High
150,"There are arguments on both sides, but you cant say it was necessarily the right decision. You dont learn much from resting your best players, especially if you end up getting knocked out in the next round and gain nothing from the game against France. Norway didnt have anything to lose here.",analysis,High
151,"Unless someone got injured playing in this game, of course. Would be pretty big to lose Haaland playing in a game that doesn't matter 3 days before one that does.",analysis,High
152,How does this game not matter? Does it not matter to have to travel to tons of venues far away?,hot_take,Medium
153,"It matters more to be well rested against a team that's played more games, more recently than your team.",analysis,High
154,"Ok well good luck against Brazil then England then Argentina then France , great draw . Whilst having to travel to tons of stadiums far away . Great for resting .",hot_take,High
155,"It's also playing in an indoor, air conditioned stadium VS a possible 33 deg C outdoor stadium. Now they get to play indoors against an African team who are probably way more used to playing in the heat. I don't agree with resting the WHOLE team the WHOLE game, but it is what it is.",analysis,High
156,They get an unfavourable schedule with a lot of travel though.,reaction,High
157,Norway would have lost to France even with their best team.The choice is either a lot of travel with a tired first team or a lot of travel with an energised first team.,hot_take,Medium
158,This makes me feel better about our loss to france,reaction,High
159,god bless that ivory coast smashes the arrogance out of this norwegian team. they managed to make themselves the antagonists of this tournament,reaction,High
160,"I saw you a lot in the match thread, and I gotta ask, why be THIS mad? Resting players is not new or unusual. Sure its a bit of a letdown that one of the most anticipated matches went with one side fielding a b-team but how is it arrogance? The coach thinks he has better chances by resting players now, that seems more cautious than arrogant if anything.",analysis,High
161,You could fight for the top of the group? Instead you gave up. It was emberrasing sorry.,hot_take,High
162,"Top of group is only useful in so far as it helps you win your future games. If the coach thinks that a more rested squad is more important than getting top of group and therefore an expected weaker opponent then resting the team is fair. Is it the correct decision? I don't know, could be a bad idea, but the vitriol some have about it is baffling, and all of the weird ass takes about giving up, ""cowardice"" and whatnot is kind of silly.""""",analysis,High
163,"Sometimes glory is not going as much further as you can and it is making the fans happy give them the match they were expecting, not disappoint them. With this mentality, then you know you're not gonna win the the cup so you might as well take the white flag up already for all the matches. I was getting so entertained with your fans doing viking row now it will come to my eyes like hello kitty row lol. Sorry but sometimes the image changes and you can't get it back easily. You can say this was better decision for the team ( debatable ) but this cost the image of your team to football fans, at least until it gets forgotten.",hot_take,Medium
164,"Yeah, got to be honest, this reads really weird. You criticize the team for giving up and calling the decision to run a b-team embarrassing, before going on to say that glory is NOT about winning (?) but rather about putting on a show, and that trying your best to win instead is a sign of a weak mentality that means you're going to lose anyways. Which is baffling.Like, I agree that if they lose their first knockout game then looking back it will seem lame that the France game was sacrificed for no gain. If they win and advance however, will I think it was a bad thing that the team focused more on the knockouts than on groups? Of course not. And if by a small miracle they reach the finals, are you really going to think that the team is embarrassing and the fan chant is silly because the team is more concerned with winning than the Haaland vs Mbappe storyline? I hope not.Yes, I too am a bit disappointed the game turned out less exciting than expected but I don't follow your logic at all.""",analysis,High
165,"If they reach the finals i will eat my words for sure. But i don't see that happening. And if they reach, i don't think it will be because they rested their players this game. But let's see.",analysis,Medium
166,"Okey, first of all, I understand that your feelings are hurt and that you wanted the Haaland vs Mbappe duel.Second, f*** off. Is this your first time watching football? There are literally no benefits for Norway to play the a-team in this match. The entire fucking squad was dead 80 min into the last match, that match was 3 fucking days ago. The next game is in 3 days. Anyone with a single working brain cell would understand that its extremely stupid to not let the players rest when the team is through. Norway does not have the depth of France or Spain, players have to rest when they can or it will hurt when it really matters.",analysis,High
167,"Every team is in the same position, but they don't throw in the towel.Legs hurt? that's rough, but if you're not going to fight through the pain for the WORLD CUP then why are you even here?",hot_take,High
168,"They prove themselves by winning games, not by fighting through pain",analysis,High
169,"It's not about fighting through pain"" though is it, it's about performing at your highest level, which resting players is conductive to.""",analysis,High
170,Every team is not in the same position. They were guaranteed qualification unlike other countries. Its objectively a smart move to rest key players. Norways top priority isnt to entertain people. Its to keep the squad as fresh as possible to give them the best chance they can have to go as deep in the tournament as possible. Viewers shouldnt feel entitled to players risking injury when it isnt necessary with such a packed and demanding schedule.,analysis,High
171,"A Norwegian B-side that could have drawn with a maxed out French side given some margins. Thats it, end of discussion.They also have the shortest interval between matches in the tournament, so resting the first team is a no-brainer. Also giving their non-starters a feel for the pressure and the atmosphere is brilliant.",analysis,High
172,"I think the coach also got some very good answers regarding who can cope and who can not.Bjørkan, Thorstvedt and Strand Larsen can not.Asgard, Berg and Bob excelled. Also Austnes playing right back was good. The rest gets an OK.Østigård, which the coach said on his press conference was bad with the ball confirmed this multiple times in this game.",analysis,High
173,"Exactly. If you want to go far in a World Cup, you need metrics on your whole squad. Your subs need game time, they need to experience what playing in a World Cup is like and they need to prove their worth.Agree on Aasgard, Berg and Bobb. Aasgard proved he can be an asset at ~60 mins when needed, Berg doesnt really need to prove shit and Bobb did well apart from his well-known lack of end product.I feel for Ostigard, but he seems to have proven now that he cannot take the pressure.",analysis,High
174,Seriously i do not understand people in this sub. There are no reasons for Norway to not rest their players now that they can. People are just out here hating because they didnt get the matchup they wanted,analysis,High
175,"Yea, resting players gives them a better chance to win next game even to Côte d'Ivoire is probably a better team then Sweden. It seems like a no brainer to me.",analysis,High
176,"Yup, mixture of people who at best have watched a total of 5 minutes of actual football in their lives.",reaction,High
177,The amount of vitriol directed at Norway for doing what they think gives them the best chances of progressing further into the event definitely shows the low IQ of certain people in sub. Clearly their manager decided that extra rest is ideal for their players and that's his choice.Blame FIFA for scheduling this on the final matchday and not matchday 1 or 2.,hot_take,Low
178,"We've done it in the past too, in both the 2018 and 2022 WC. Us brining a somewhat full squad was a surprise for me, I thought DD would rotate the squad more than this. It seems he preferred the winner's path because it means less travel for the team.",analysis,High
179,"Who cares? We're viewers, we want to see beautiful matches. Playing pragmatic and risk-averse football doesn't produce beautiful matches, simple as.",hot_take,High
180,"except we didnt play pragmatic or risk-averse football? Our b-team quality just wasnt enough to win against France, but it wasnt like we put 10 men in the box.",analysis,High
181,"They can do whatever they want, it's their team. As someone else said, it's the World Cup. Norway hasn't participated in almost 30 years, and if they get knocked out the next round, who knows if they'll qualify again. This could've been one of the best matches of the tournament.",analysis,High
182,"Teams don't have to just go full throttle in the final ONLY. I don't care if it sounds cliche, the journey matters more than the destination. Argentina won, partly, because they had spirit and carried the momentum of each match into the next. Playing optimized football and making tactical decisions based on reducing risk and not winning is cowardly and not fun to watch. What I remember of the 2018 WC, for example, is not even the final (since most WC finals actually suck). It's the Portugal-Spain, England-Croatia, France-Argentina, South Korea-Germany and Belgium-Japan games that are the most memorable. Same with 2014 (Spain-Netherlands, Brazil-Germany) and 2022 (Argentina-Netherlands, Japan-Spain & CR-Germany group of death, Argentina-France). These matches define the tournament and this could've been one of them. Norway didn't come to dance so I hope they get knocked out the very next round.",hot_take,Medium
183,They haven't been in the WC in a long time so their best option would be to risk their players health in a game with no stakes and not have optimal condition for the following game that actually matters??Cmon mate.,analysis,High
184,World cup tourists man. This isn't the first time people have rested starters in unimportant matches,analysis,High
185,Yeah it's very unlikely for Norway to win this game. Even if they win they'll probably play Germany in round of 16. I understand the decision,analysis,High
186,"Uhh I thought it was dumb to rest all of them not for entertainment. First you are still fighting for the top spot, 2nd imagine the morale boost of beating France, and 3rd I get that you want to give minutes to the 2nd team but man is it a spirit crusher to lose 4-1 and might not be great for mentality for the impact subs.Really only time will tell if it was the right decision or not but I disagreed with the coaches choice as well.I'd understand not starting maybe 4 or 5 but all of them?",analysis,High
187,"If you look at our match schedule, you would probably understand we have 3 matches in 8 days. If you play the same squad at max intensity in that many matches you are gonna risk injuries. If Haaland, Ødegaard, and Wolfe (not the best, but our depth at LB is shocking) are injured, we're in trouble. Best not to risk it",analysis,High
188,"I understand the thought process but in knockout football keeping your team sharp in such a short tournament is key and that included mental fitness as well.Argentina last tournament is a great example. Every a ethey played was a must win after the initial loss but the momentum from Mexico on helped them see the final. Again I understand that they wanted to rest Martin and Haaland and a few others but more than 4 or 5 is overkill imo.France started their main team and I understand that they have much more squad death but let's not sit here and pretend that France isn't going to want a fully fit mbappe, olise and dembele and they played the majority of the match",analysis,High
189,"Mentality matters, I know that. Our manager decided that preventing injuries was more important than keeping spirits high, and I believe he made the right choice, since losing against an obviously stronger opponent with a rotated team is easier to brush over than losing against say saudi arabia like argentina did.Also our depth isn't THAT bad, there are a lot of places in the starting XI up to grabs, you may have noticed that our wingers were both pretty good, both of them usually start off the bench, and there was debate on wether or not they should enter the A team. If you're gonna rotate your most important players you might as well test some of the challengers for the starting XI. (But I do by the way disagree with the decision to rotate the keeper position, Nyland needs all the time he can get and keepers don't get injured a lot, though our back-up keeper was still a positive surprise performance wise). I also believe that part of the reason why they were so keen to rest starters was that they apparently messed up some sort of nutrition thing leading to poorer restitution than normal.",analysis,High
190,Yeah fair there may be something behind the scenes going on that we don't know about. Like I said only Time Will really tell what the right answer was but just like you have your opinion on at my opinion is you should have rested half the starters and play the rest but that's just my two cents.Ftr more than happy to eat crow because I want Norway to do well and go far,analysis,High
191,People only care about the entertainment value. Which I mean the whole point of the game is entertainmentfor US.But this is the players careers and livelihood we are talking about and the sum of their hard work. Its a job for them and like any other job they are going to strategize on how to best and most efficiently proceed to have better chances later,analysis,High
192,"Expected the result with the squad rotation, just hope it doesn't have any effect on the team going into the Cote d'Ivoire match.Should've had one or two more goals with the chances we created, but c'est la vie...Bring on the Ivorians and let's go on a deep run now the group is over.",analysis,High
193,Aursnes looked more impressive at RB than he did in midfield the first two games. I wonder if they'll consider him out there if Ryerson can't go on Tuesday.,analysis,High
194,"If resting starters during unimportant matches is offensive to you, maybe ballet would be more your sport",hot_take,High
195,This is not an unimportant match. Its only unimportant if you have no belief in your squad and think France is already your daddy.,hot_take,High
196,"Please tell us why it would be more important to win this match h that to rest players who otherwise would have 3 games in 9 days? I am waiting for a good argument, go on",analysis,High
197,"Better path to final, less traveling, strong team momentum instead of confidence hit, there are more.Its two games.. you think Haaland is already burned out playing forward for 180 minutes? Fair enough to pick the strategy of rest but dont pretend its not debatable. And understand that its a shame to have the chance to play a World Cup and not even aim to compete in every match",analysis,High
198,"Nope, Germany is better than Brazil/ Japan, Spain is better than Argentina.The only hard spot on right side is the QF against England. But it's not crazy unwinnable. I rate us to beat Brazil even if getting that far is nothing but bonus for us.",analysis,High
199,"You're right. France always field their strongest team in their last group matches, since it's important to win for momentum and confidence. They would never change 9 of their players, since it's a shame to not compete in every match. Their last group-game record speaks for itself.The match vs Ivory will be played in an indoor stadium with AC. A huge benefit over playing in 30+ degrees. The difference between Sweden -> Germany and Ivory -> Brazil/Japan is negligible.The people complaining are naive and ignorant.",hot_take,High
200,"They do when the top spot is on the line. You are comparing apples to oranges. France has never accepted a second place or forfeited the ambition to win a group.Norway will travel across the US now while France gets to chill at their base camp the rest of the tournament. Its not just a matter of AC.Im not complaining. Im shocked and disappointed. I respect Norway as a contender in a group of death. Even their B team showed they have quality. I dont think Ive ever seen a team so capable of winning, give up so pathetically on the world stage where theyve been absent for decades. Players dream of these matches are lucky to play one in their life and here they lied down and gave one up when they arent guaranteed to see many more for a long time",hot_take,High
201,"You can't have your cake and eat it too. It's either a shame to not compete fully in all matches or none at all. Your group standing is irrelevant to that discussion.Norway haven't given up anything. A we won vs france"" sign is worth less than the paper it's written on if it results in Norway crashing out of the tournament as a result.Frankly speaking the French NT is irrelevant. The opponent in the next round is also irrelevant. The decision was made out of concern for the squad and improving their chance to succeed.""",analysis,High
202,"Strong team momentum from where exactly? And what do you suppose will happen to that momentum in the realistic scenario that first team gets clobbered by France?If Norwegian players get injured here, thats incredibly idiotic and ruins whatever advantage they get from an easier path anyway.To me, the fact that theyre willing to eat a tougher path shows they do have the belief in themselves, theyre just not incredibly stupid like you people.It is NOT debatable. They are not Spain. Not England. They will take the most sensible route and not play what-ifs like you are suggesting as if their winning odds against top tiers are 50-50",hot_take,Medium
203,"Exactly, why even compete if you believe you cannot win against France.",hot_take,High
204,Becauseit gives you a better chance to give your all on knockouts and go far. Are you being fr?Its not that they dont WANT to face France. If they play France in the finals best believe they will give their all but they first need to get to that final dont they?Idiotic.,analysis,High
205,It's clearly unimportant. Finishing 1st or 2nd makes no difference to their route,hot_take,High
206,Ivory Coast is better than Sweden. Plus you travel much less as first place. This is just cope to scapegoat Norway being soft. Hope Ivory Coast cook them in R32,hot_take,High
207,"So you play for an easier route? Do you even listen to yourself? If Norway threw a hail mary today just to get a slight chance at getting a marginally easier team in the next round, that is literally a loser mentality. Hope all americans are banned from this sub. You guys dont know shit. Literally sub 100 IQ",hot_take,High
208,Yeah it does not pain me whatsoever to say that France is the better team. They are the best in the world. But this is a meaningless game. Losing today did literally nothing to us. And we played extremely well for being the B team against the best team in the world the last 45. Id argue we played the best football the second half. So this was both a tactical and moral win.,analysis,High
209,"The Referee has been really good this game, gave a yellow early in first half to show he wouldn't stand for cynical foul slowing the game, gave a great advantage for the French second goal and was otherwise invisible and didn't make mistakes.With some of the nightmare decisions we had at this World Cup already, I thought it deserved a mention.",analysis,High
210,"A bit quick on the whistle form time to time, some minor mistakes (a barcola foul where there is absolutely nothing comes to mind), but overall a good game yes.",analysis,High
211,Michael Oliver is best in class (even though Im sure a lot of the Prem people would disagree),hot_take,High
212,Hes in Manchester Citys pocket so whenever he refs a game that could benefit City its a shitshow.Outside of that hes good.,hot_take,High
213,Supporting Ivory Coast now. Norway did some bad juju shit robbing us of a good game,hot_take,High
214,"We dont need your crying, like a true United fan.. we will crush Ivory Coast",hot_take,High
215,"Honestly still feel like Norway could've won or at least tied with their A team. In many other situations 4-1 is an insanely good score, but conceding both a goal and a penalty (which a better striker would've surely scored) against a B team"" does not exactly fill me with confidence regarding our defense. Our offense is insane no doubt about that, but... is it enough?""",analysis,High
216,Yes our defense especially Theo was atrocious,reaction,High
217,Yes I dont know why Theo keeps getting the start over digne. DD hates digne or something. Also tchouemani needs to go. Kone and Rabiot seems like the starting midfielders,analysis,High
218,The main issue is Digne has worse chemistry with the attacking players and his main strength is crossing when we have almost zero aerial threat outside of set pieces.And if you think Tchouameni isnt pretty much equal to Rabiot and Koné then you did not watch the match. He made a ton of recoveries high up the pitch and was one of the best players. He made it clear we have 3 relatively equal options as starters,analysis,High
219,"Quite happy with the lads, ngl. Way too porous in defence, as was expected, but our B-team had some nice moments. I thought it'd be a much worse score at the end than what it was.",analysis,High
220,You guys played well.Im gonna be roting for you guys against Ivory Coast,reaction,High
221,"Norway preferred to lose to France in order to avoid Sweden and face Ivory coast, meanwhile Ivory Coast are a better and   tougher team than Sweden so I don't get the Norwegian 4d chess move here lmao",hot_take,High
222,"Nothing to do with avoiding anyone, Jesus. Players needed rest, its as easy as that.",analysis,High
223,"They didnt bother losing to avoid any teams.Was to rest players , Norway doesnt have very Squad depth like France or Spain or Portugal.Teams that can afford Rotate players in knocouts and still win.They had a opputurnity to rest the a Squad for a week and they took it.Thats it",analysis,High
224,"The chess move is that they knew beforehand that they were toast against this French team, so why have Haaland and Odegaard chase them for 90 minutes instead of getting rested.",analysis,High
225,"Nothing to do with the opponents in the next round. Norway had 3 days between an extremely tough match against Senegal and this match. The shortest period for any team in the World Cup between two matches.Maybe some of the best players should have gotten 20 minutes or so, but the selection today is understandable",analysis,High
226,"Norway had the shortest rest between match 2 and 3 in all of the WC. They could have lost against France with the 1st team as well, and have had nothing to show for it but tired players. It's a calculated risk.",analysis,High
227,"Not to mention even if they won ,they would won nothing except potencial injured players.Because first place doesnt get you Anything Second doesnt.And either bracket is hard",analysis,High
228,You act like they would have beaten France if they played their starting XI when the result in all likelihood would've been the same even if they played their best XI. Norway's coach made the right decision in this case. Especially given how some of their players were cramping in the last game and the next game is only in 3 days.,analysis,High
229,We have a better chance of beating Ivory Coast on 8 days rest than Ivory Coast on 3 days rest. This is hardly rocket science,analysis,High
230,Bobb should start. Although Sorloth is a much stronger player.,reaction,High
231,"Despite the 1-4 result, I'm both impressed with our B team and optimistic about our overall chances going into knockout stages.We had a lot of great chances that only lacked a solid finish. If Ståle Solbakken had rested 9 instead of 10 our of our regular 11, and had Haaland play instead of Strand Larsen, we likely would've ended up at 3-4, 4-4 or possibly even 5-4. Against France's A team.Now we've got our A team rested going into group stages, with our B team lineup warmed up"" (against the arguably best team in this year's tournament), ready to rotate in when needed.I think we've got a decent chance to reach the semis after tonight's showing.""",analysis,Medium
232,"You can only play whats in front of you. The arrogance to not realize that France can also raise it up a few gears.. So delusional to make such nonsensical calculations that only exist in your imagination.Norways A team couldve won, just like they couldve been spanked even worse. The only thing certain is that it would have been a totally different match",hot_take,High
233,This was like watching norway-sweden in the friendly a couple of weeks ago where the scoreboard said 3-1 but you eyes saw a 6-0 game. The early dominance was so big that france fell out of rythm like you did against us. Didnt even feel like a real game.Solid reasons for it now so no reason to feel humiliated like we were but france was of course never in danger and your positives was more down to french nonchalance. Delusional to use this as a sign of strength,hot_take,High
234,After playing France A team Norway B team got spanked. Next game Norway A team will play France B team... my money is still on the latter...,reaction,High
235,"Mate, I didn't even know the lineup and when watching the highlights and I could tell Odegaard wasn't on the pitch just by how easy the team was to play through. When Ode's on pitch, all his players become more resilient.",analysis,High
236,"The good thing, every player except the third choice goalie has tasted World Cup minutes. Very smart by Solbakken.",analysis,Medium
237,norway winning against france is not a reasonable take,hot_take,High
238,"Honestly very proud of and impressed by the norwegian backups. Should have had atleast 1 more, and neutralized most of Frances attack during 2. half. Har periods of great pressure and control.",analysis,Medium
239,"Now, it's back to square one. Each game will be do or die.Good luck to my country. We can be champions but let's not get carried away.",reaction,High
240,"If the concept of resting starters during unimportant matches is shocking to you, then I don't know what to say",analysis,High
241,They are not a team expected to reach semi finals every time. The arrogance to act like one and act like the match was meaningless is insane. The group lead was on the line and a totally different path to the final.,hot_take,High
242,"What the hell are you talking about? That's exactly why you rest the players -- because the next game is important.If you think we rested players because of arrogance you do not understand the sport, I am sorry.",analysis,High
243,"If the argument is to have the best chances for a deep run then its still weak. The path on that side of the bracket is arguably harder, Sweden is weaker than Ivory Coast, and now youll have to Travel all over the US instead of staying in the same base camp the rest of the tournament. So much for the rest advantage.And good for you guys if it works, if it doesnt and you dont make the WC for a while after. I guarantee youll look back in hindsight and wish youd have had a proper go at it rather than this 3D chess gamble that could all be for nought.",hot_take,High
244,"Its not conjecture. When all is said and done and the years go by youll look back on that match with regrets if you flop right after it. Because deep down you know there was the quality to win it. All the talk of strategy is still just a gamble at the end of the day. Turning your back to the exact level of competition you were hoping to reach will always be regrettable in the long term. The whole point of a World Cup is to clash with the greats on the greatest stage. If you try to game the system and slip on a banana peel in the process you will have different feelings about that approach next time, trust me.",hot_take,High
245,Why unimportant? They could go for the 1st place in the group? If you are not going to entertain spectators why there is a world cup? They can play without audience then.,hot_take,High
246,What material difference does that make? Because resting the players clearly makes a difference. And it prevents injuries.The goal of every team playing is first and foremost to win the cup. You do not win the cup by being the most entertaining team. Do you think Greek fans in 2004 were mad that Greece didn't play entertaining?,analysis,High
247,"The decision was correct or no is debatable. You think France doesn't know what Norway knows? They've missed a chance to properly test themselves against elite opposition before the knockout stage.In a World Cup, momentum matters. Resting 24 players is normal; resting basically the whole team against France is too passive. The coach"" didn't even sub them second half.Now Norway lost prestige and if they lose the match too, it will be emberrasing. And if they win, well it probably won't be because they have rested 2 days more. All neutral fans rooting for Ivory now. W?n is important but prestige also important. Do you think any of the biggest teams would rest their entire squad against another top team ? If you want to be in the big boys league you must behave like one.""",hot_take,High
248,"On the other hand it's understandable for neutrals to be disappointed being denied the Haaland vs Mbappé face off in a World Cup, it'll probably never happen.",reaction,High
249,Ecuador yesterday - soccer at it's best.Norway today - soccer at it's worst,hot_take,High
250,"Well, we didn't travel to the World Cup to play against our neighbour Sweden.Very, very disappointed with just how bad the second-stringers are, though. And how on earth is it possible to do a penalty-kick so bad the goalies grandma would have saved it.",reaction,High
251,Didnt come to win every game either,reaction,High
252,"Anyone wondering why we were playing our B team should look at our match schedule, we have three days between senegal and this match, and also 4 days between this match and ivory coast.and our starters were already knackered by the first match",analysis,High
253,"France had an easy game against Iraq, and made many changes during that game. Norway had about 7 players with cramps during the Senegal match.France have much better squad strength",analysis,High
254,"Olise, a world class winger, gets tired? Here comes Cherki, another world class winger. Wolfe, an ok left back gets tired? Here comes Bjørkan, who was the reason Dembelé scored his hattrick.We have abysmal depth",analysis,High
255,"I will argue. Whatever happens against CdR this was the right call. 1. You could still lose handedly against France with all your starters, making the effort futile either way. 2. Norway had already qualified and the quality gap between the paths are not big enough taking into account 1. and 3. If Norway did blow their load and still lost they would/will have the worst schedule of all teams moving into the knock outs. 4. The squad depth is horrendous as you could see today. Some might be able to fill in (Schjelderup, Selvik) but if we lost Haaland, Sørloth, Heggem, Ødegaard, Berge, Ajer, Wolfe or Pedersen at ANY point on Tuesday because they started here it was not worth it.In addition...it was a good game. The intensity wasn't great but there were plenty of goals and chances. That Reddit can't see that because Haaland didn't personally tell them he loved them while giving them a lil tug that is their problem. The internet was a f***ing mistake.",analysis,High
256,"embarassing? what's embarassing is throwing the match hoping you get the weaker"" side, the fixing was visible from a thousand miles, no rowing in the stands will save their image""",hot_take,High
257,Norway wasting so many chance like it's almost a crinmal,reaction,High
258,Was this the worst match day 3 combo of all time? Forfeit from Norway and 12min red for Iraq down 1 rage quit?,reaction,High
259,I mean you can lose 4-1 doing nothing or lose 4-2 and work your a** off.Either way France scores 4,hot_take,High
260,"Has to be the worst match of the tournament, not because of what happened but of the expectations. When we saw France and Norway were in the same group we all expected to see the clash for the ages, the world's best strikers facing against each other in a match that it's likely will never happen again.Norway's coach robbed us of that.",hot_take,High
261,You're not getting to any final playing risk-averse football.,hot_take,High
262,"Testing your best team vs France is the best way to gauge how ready your team is for the knockouts, and be sure of what you have to change.",analysis,High
263,"We literally have so many answers from that match, we dont even have a clear main lineup with some spots wavering and one guy out with injury. Dont forget, our main team is strong, we are the main reason there is no Italy in this WC",analysis,High
264,"You know what's better than testing your team"" and wasting all of their energy in an insignificant game when you have horrible depth? Actually starting them in a good condition in an important game in 3 days.""",analysis,High
265,"Exactly and it kills the momentum of the Norway team 2 win streak and their top scorer in the World Cup. At least let them learn if they lose from this match, but this game wouldve been much closer.",analysis,High
266,Ya that was dumb. I was watching with a bunch of fans and everyone was dissappointed,reaction,High
267,"It's different when it's national team vs national team, that's why a lot of people stop watching when the WC is over, this is the sport at its most exciting.",reaction,Medium
268,I hope Cote d'Ivoire kick Norway out.,hot_take,high
269,CIV is better than this Norway team,hot_take,high
270,"Norway threw the game and benched all of their star players, literally gifted us France instead pf them, absolute unsportsmanly",hot_take,high
271,Sweden were going to lose to either Norway or France doesnt really matter.,reaction,medium
272,Sweden could definately beat Norway in a serious match. They fought for king and country due to little brother complex versus us in a friendly while Sweden half arsed the match. And those results didn't really define the game.All other teams have played full A team or almost full A team in all their matches. I wanted to see them versus us and their cringe viking rowing.France or the other hand? That's instant GG for Sweden.,hot_take,high
273,Sweden shouldnt even be in the WC. 2 pts in quali. Lost to Kosovo. Got destroyed by the Netherlands just days ago. If I see any swedes not being humble about their current team I just know theyre idiots lol.,analysis,medium
274,"What does that have to do with anything though? Norway still gave the match away on purpose.We qualified fair and square, Sweden lost versus those teams in the qualifications because of insanely bad management, not true potential and we qualified fair and square by beating Ukraine and then Poland, objectively. Half the teams that qualified for the WC are worse than Swedens current form.",hot_take,high
275,"It has to do with you complaining about having to meet France now, obviously. Norway wanted to rest players for the next round and give valuable playing time to the rest of the squad because one of those players might have to play later. The manager can do whatever he wants as he sees best for the team. Its not throwing a game. Have you never watched a tournament before?",analysis,high
276,What a lame way to end Mbappe and Haaland's streaks,reaction,high
277,"Mbappe played, what's his excuse",reaction,high
278,"Got completely overrun in the first half but got what we wanted here really, match training for players who can play a big role from the bench. Players like Aasgaard, Bobb, Schjelderup, Berg and Østigård all had good periods and can be very important for us against Ivory Coast.Also Aursnes got some experience at RB and was very good, which we may need if Ryerson is injured.Sadly Strand Larsen didnt exactly gain confidence which is a shame, but I think someone like Aasgaard will be preferred if we need a goal anyways.",analysis,high
279,"her chances. Haaland would have had a hattrick if he were in their shoes. This is such a luxury.Sad for the players that fell through. I do not expect to see Bjørkan, Thorstvedt and Strand Larsen to get more minutes this WC. Stakes are just too high.",reaction,medium
280,Strand Larsen should be on the first flight home with that performance. Not WC material at all,hot_take,high
281,"Nah. He is good, just up against pretty good defenders. Wasnt his best game, and his season was destroyed by early injuries. He will bounce back for Palace",analysis,high
282,he is a good striker. He scored in the quali,analysis,medium
283,hardly the first striker to miss a pen,reaction,high
284,"He had like 4 clear chances to score/assist before that, and he was simply too slow and clumsy",analysis,high
285,"Should mention he did some good work as a target man and worked very hard, but hard to disagree with you after the penalty and otherwise poor end product",analysis,high
286,"They are the first players off the bench. Nusa, Haaland, Sorloth Aursnes, Berge, Odegaard. Is the a team. Note that Aursnes might play rb if Ryerson's injury keeps him out of the tournament.",analysis,high
287,"None of them are in the first 11, but they are next in line to take a spot and very important from the bench.Currently its Sørloth>Bobb, Nusa>Schjelderup and Aursnes>Berg/Aasgaard depending what we need",analysis,high
288,how tf is bobb not starting 11. He was a problem to these french defenders,reaction,high
289,Sørloth makes it really hard for opponents to take out Haaland because they now have two good goal scorers to focus on. Aldo hes a very good target man up front,analysis,high
290,"Sørloth has been very good for us and does a lot of work as a target man, on set pieces and generally has scored a lot of important goals for us.Bobb is also very good for us though, he always gets subbed on for Sørloth and seems benefit from coming on late in games against tired legs.One of the very difficult decision in this squad tbf.",analysis,high
291,Congratulations France world champions 2026.,reaction,high
292,"France is good but their defense is simply abysmal at times. Clearly beatable, well if you outscore them that is. Dembouz unlocked. Also impressed with Norways B team. JBL despite missing the penalty, is a great 3rd choice striker. I remember Hauge banging it up in the UCL as well.Next game tuesday, Norway will be looking rejuvenated and i believe the bench players got a little boost despite the scoreline, that they can actually do sth",analysis,medium
293,Trying to simply outscore France is suicide. Committing players forward will open up spaces and they have the quality to exploit that.,analysis,high
294,"Yep, while I want France to win it all I dont think they have the defense to do it. Same in the midfield, they havent been able to smother teams so far or win 2nd balls.Also far too loose in their half, thatll get quickly exposed by anybody in the top 10 odds to win.That said if they increase their intensity a bit and sharpen up defensively for the big matches they maybe able to rely on 3-2 wins.Hell I could England taking them if they meet up, they can play physical more direct ball which I think will affect France badly",analysis,high
295,England won't beat them. They can't handle the pressure against the very top sides at these major tornies. Germany is the only one they've beaten in a knockout stage out of Spain/France/Italy/Germany/Brazil/Argentina in such a long time,analysis,high
296,"I dont buy the idea of institutional choking/succumbing to pressure.
All these guys are top level and pros that have played in the highest pressure scenarios, they have new coach, and good form all in all. The biggest question for me is if Tuchel ends up being too smart for his own good and makes some weird and detrimental decisions. We maybe already have seen it with his team selection but thats to be determined.But i guess well see, thats the beauty of the World Cup.",analysis,medium
297,"At the end though, Kane will miss the penalty",reaction,high
298,"Honestly more competitive than I expected given that Norway rotated 10/11 players. They had some really good moments, but then also France should have probably scored more.",analysis,high
299,Good try B team. ??????????,reaction,medium
300, frie Norway better smarten up. You cant play your b team in the knock outs. is kind of supposed to have real vegetable. - redditor who thinks this affects Norways confidence.,hot_take,high
301,"Honestly, I don't understand why Norway played their B team. This is the World Cup. They had a chance to finish first and build real momentum. They basically threw the game away, and I wouldn't be surprised if a player like Haaland is frustrated, he had a genuine shot at finishing as the tournament's top scorer.",hot_take,high
302,"Do you want to understand? It's a meaningless game, 2nd is arguably preferrable to 1nd because of pairings, and as a bonus they get to rest the 1st team instead of starting the playoffs tired",analysis,high
303,"Its very debatable, and finishing first means playing in the East, you travel less and recover better.",analysis,high
304,"Theres a VERY good chance they would lose against France anyway, and would end up in same position but with a dead tired A team. It just makes sense",analysis,high
305,"Finishing 1st or 2nd in that group is an equally difficult path to the finals. They also dont have world class depth like France, if haaland or any of their starters get hurt, its a wrap for them.",analysis,high
306,"Wont become a top scorer if the team shows up tired and lose ro32.
Ståle said the moment after we won against Senegal, that this would be the plan, because they want to go as far as possible.",analysis,high
307,3 matches in 8 days. Players were running on fumes towards the end of the Senegal match. We dont have the depth to go full strength in every match with that kind of schedule,analysis,high
308,"I mean, you're a small country and could go home in the next round without a memorable moment in this World Cup, so I dont understand why youre doing calculations or resting all your players. France didnt play with all their starters either, you can rest players without throwing the game entirely. Honestly, I would be furious if I were Norwegian. You guys should have tried, this is the World Cup and you don't always have the chance to play it. Beating or drawing France could have been a nice memory for your countrys history in the World Cup. Good luck in the next round :)",hot_take,high
309,"If our manager decided to get a «big moment», rather than do what he thinks is best to get us dar in the world cup, I would want him sacked immediately. Yes, we are a small country, but we would rather try our best to go far in the tournament than get a big moment and then whimper out od the tournament We dont have the depth to play our best players in what is basically a friendly mid WC, we want them rested and fresh for the knockouts",analysis,high
310,"you must not have watched Haaland's interview after the Senegal game, he does not give a f***. Norway are playing to go far, resting our best players give us our best chances.",reaction,high
311,"Thats just standard PR talk from a footballer, I doubt a player like him doesn't want to score as much as possible, especially since the world cup is the pinnacle of football.",reaction,high
312,They have momentum from beating Senegal. Haaland can still finish first.,analysis,medium
313,"First half : 8,5
Second half : 5,5
Overall, it wasn't too bad, but still, there were a lot of things I didn't like but I guess it's okay since we were leading the whole match.
Now, the team doesn't have to make any annoying trips to Dallas or Miami, and that's the real win of the day for me.",reaction,high
314,Théo Hernandez really concerns me and what also concerns me is that the replacement is Lucas digne.,reaction,medium
315,Whats wrong with digne? Very solid defensively imo and much more fit than hernandez,analysis,high
316,"He has less chemistry with Mbappé, Barcola and and Doué which are the players he will be passing with the most. His main attribute offensively is his cross which is kinda useless with the attackers we have.I love him and Im thrilled hes getting some minutes but I understand why Theo is chosen in matches where we have less defensive concerns",analysis,high
317,Less defensive concerns should be no games moving forward no? Seems Theo creates too much stress on that back line. You know every team will try to target him,analysis,high
318,I know! Couldn't DD call up anyone better than those two?,reaction,high
319,Same. Pavard isn't good anymore.,reaction,high
320,"He is infuriating to watch, and I swear, he gets nutmegged at least once every match. Hernandez and Koundé are definitely a cause for concern.",hot_take,high
321,"The positive though is Kone, looks really solid in the middle. I just feel though we can have a few switch off moments sometimes it looks a bit too relaxed and can cost us. For example the first goal we conceded today, thats inexcusable! If we want to be world champion we cant afford that.",analysis,high
322,"Not sure we can learn a lot from this one.I know we can score, but lots of technical mistakes in the second half, especially on our half of the pitch. Let's hope it's just because the stakes were not that high.",analysis,high
323,"Also we were missing Saliba and Rabiot, I expect the defense to be stronger for the knock-out games",analysis,high
324,9 points in this group is very impressive,reaction,high
325,"Is it? Iraq should be free, Norway rested a lot so this was just a free game, only real big game was Senegal which I agree was a good showing.Then again other teams have been struggling to get all 9 in similar groups so fair enough",hot_take,high
326,"It is, in fact, the hardest group of the world cup.",reaction,high
327,"Huh? I mean in theory. Until you take into account the reality of Norway resting a ton and giving France a free game.As it ended up I'd argue group C, probably H, definitely L and probably K are harder.",analysis,high
328,I said in theory because Norway was resting players. Does ranking account for a team essentially throwing a game?Norway might as well be a rank 70 team. And Iraq came second in their group behind Saudi.The only team that had a chance was Senegal. The other 2 were free wins.,analysis,high
329,"Sure, which other groups had a team purposefully give a free win by fielding a much weaker squad? I really don't understand what this silly cope is to try and pretend this was some very hard group now that we saw it play out",hot_take,high
330,"Second half was poor damn we really fell asleep. I hope its because there was nothing at stake and turnover ! 9/9pts is great, not many teams will achieve it",reaction,high
331,"They were definitely killing time, nothing to worry about. Even Doué scored.",reaction,high
332,"Is it weird to be optimistic afterlosing 4-1? Our bench put up a decent fight, despite some individual errors, I liked what I saw from Bobb, Aasgard, and Schjelderup. I don't know how Selvik is still at watford, he was a great sweeper keeper. Langås looked decent at times as well. Bjørkan should be left as a gift to france after that performance, and Strand Larsen seemed to have learned finishing from Mateta.Also is Theo hernandez the best france has? Jesus he was bad at times",analysis,high
